<?xml version="1.0" encoding="UTF-8"?>
<project-private xmlns="http://www.netbeans.org/ns/project-private/1">
    <editor-bookmarks xmlns="http://www.netbeans.org/ns/editor-bookmarks/2" lastBookmarkId="0"/>
    <open-files xmlns="http://www.netbeans.org/ns/projectui-open-files/2">
        <group>
            <file>file:/Z:/NetBeansProjects/CSE219/HW2/Hangman_draft/src/HangMan/ui/HangManEventHandler.java</file>
            <file>file:/Z:/NetBeansProjects/CSE219/HW2/Hangman_draft/src/HangMan/game/HangManGameData.java</file>
            <file>file:/Z:/NetBeansProjects/CSE219/HW2/Hangman_draft/src/HangMan/ui/HangManUI.java</file>
            <file>file:/Z:/NetBeansProjects/CSE219/HW2/Hangman_draft/src/HangMan/file/HangManFileLoader.java</file>
            <file>file:/Z:/NetBeansProjects/CSE219/HW2/Hangman_draft/src/HangMan/game/HangManGameStateManager.java</file>
            <file>file:/Z:/NetBeansProjects/CSE219/HW2/Hangman_draft/src/HangMan/ui/CheatKeyHandler.java</file>
        </group>
    </open-files>
</project-private>
